{
  "headers": [
    {
      "source": "/index.html",
      "headers": [
        {
          "key": "Cache-Control",
          "value": "no-cache"
        }
      ]
    },
    {
      "source": "/(.*)",
      "headers": [
        {
          "key": "Cache-Control",
          "value": "public, max-age=31536000, immutable"
        },
        {
          "key": "Strict-Transport-Security",
          "value": "max-age=63072000; includeSubDomains; preload"
        },
        {
          "key": "X-Frame-Options",
          "value": "DENY"
        },
        {
          "key": "X-Content-Type-Options",
          "value": "nosniff"
        },
        {
          "key": "Referrer-Policy",
          "value": "no-referrer"
        },
        {
          "key": "Content-Security-Policy",
          "value": "default-src 'self'; img-src 'self' data:; style-src 'self' 'unsafe-inline'; script-src 'self'"
        }
      ]
    }
  ]
}