{
  "cleanUrls": true,
  "trailingSlash": false,
  "headers": [
    {
      "source": "/(.*)",
      "headers": [
        {
          "key": "X-Content-Type-Options",
          "value": "nosniff"
        },
        {
          "key": "X-Frame-Options",
          "value": "DENY"
        },
        {
          "key": "Permissions-Policy",
          "value": "geolocation=(),microphone=(),camera=()"
        },
        {
          "key": "Referrer-Policy",
          "value": "no-referrer"
        }
      ]
    }
  ]
}